{"cameraMode":{"drawMode":0,"name":"Shaded","section":"Shading Mode"},"sceneLighting":false,"audioPlay":false,"sceneViewState":{"showFog":true,"showMaterialUpdate":false,"showSkybox":true,"showFlares":true,"showImageEffects":true,"showParticleSystems":true},"in2DMode":false,"pivot":{"x":-1672.3841552734375,"y":-65.77294921875,"z":7579.04541015625},"rotation":{"x":-0.24369469285011292,"y":0.12845687568187715,"z":-0.032567378133535388,"w":-0.9607940316200256},"size":6300.5869140625,"orthographic":false}