{"cameraMode":{"drawMode":0,"name":"Shaded","section":"Shading Mode"},"sceneLighting":false,"audioPlay":false,"sceneViewState":{"showFog":true,"showMaterialUpdate":false,"showSkybox":false,"showFlares":true,"showImageEffects":true,"showParticleSystems":true},"in2DMode":false,"pivot":{"x":-620.3445434570313,"y":-151.90261840820313,"z":91.57159423828125},"rotation":{"x":0.005306852515786886,"y":0.7756066918373108,"z":-0.006509691476821899,"w":0.6312055587768555},"size":498.84014892578127,"orthographic":false}