{"cameraMode":{"drawMode":0,"name":"Shaded","section":"Shading Mode"},"sceneLighting":false,"audioPlay":false,"sceneViewState":{"showFog":true,"showMaterialUpdate":false,"showSkybox":false,"showFlares":true,"showImageEffects":true,"showParticleSystems":true},"in2DMode":false,"pivot":{"x":361.226806640625,"y":2.713592529296875,"z":-641.5994262695313},"rotation":{"x":0.04551408439874649,"y":-0.6821166276931763,"z":0.04262611269950867,"w":0.7286213636398315},"size":2133.2333984375,"orthographic":false}